Topic,Count,Name,Representation,Representative_Docs
0,464,0_luigimangione_mangioni_mangiones_nick,"['luigimangione', 'mangioni', 'mangiones', 'nick', 'smart', 'killer', 'idolizing', 'hero', 'guy', 'mangina']","['Luigi Mangione is no more of a “hero” then this guy.', 'What is wrong with you people\r\n\r\nCan someone on the left explain why they love Luigi mangione so much? \r\n\r\nBoth men and women on the left want to give the guy a hand job. \r\n\r\nPlease make it make sense.', ""Luigi Mangione is NOT a hero, he's a cold blooded killer and a fucking coward, he shot a man 3 times in the back then ran away like a pussy, he couldn't be man enough to own what he did. When he is found guilty and sent to prison Big Bubba is going to make him his bitch.""]"
1,428,1_luigimangione_mario_pizza_stan,"['luigimangione', 'mario', 'pizza', 'stan', 'said', 'guy', 'right', 'fuck', 'face', 'fucking']","['okay these thirst traps for luigi getting out of hand i jus saw a whole ass cum tribute in this nigga name on my TL fuck is wrong with you heathen ass niggas yo!!', 'IM TIRED OF SEEING LUIGI ON MY TL!!!!!! IM A LESBIAN TWITTER I FIND HIL UGLY!!!!!!!! IDC ABT HIM ANYMORE I DONT WANNA KNOW EVERY DETAIL OF HIS PERSONAL LIFE.', 'Luigi is an ugly ass bitch']"
2,412,2_assassin_killer_mangioni_murderer,"['assassin', 'killer', 'mangioni', 'murderer', 'mayor', 'police', 'murdering', 'justice', 'eric', 'case']","['NYC Mayor Eric Adams on his decision to escort Luigi Mangione in Manhattan:\r\n\r\n“I’m not going to just allow him into the city. I wanted to look him in the eye and say you carried out this terroristic act in my city, the city that the people of New York love”', 'NYC Mayor on Luigi Mangione’s Hollywood spectacle of a perp walk:\r\n\r\n“I’m not going to just allow him into the city. I wanted to look him in the eye and stated, ‘you carried out this terroristic act in my city, the city that the people of New York love.’”', 'Mayor Eric Adams explains why he was present when Luigi Mangione arrived in New York:\r\n\r\n“I’m not going to just allow him to come into our city. I wanted to look him in the eye and stated that you carried out this terrorist act in my city, the city that the people of New York love.…']"
3,412,3_mario_cowardly_idiot_coward,"['mario', 'cowardly', 'idiot', 'coward', 'guy', 'shooter', 'right', 'murderer', 'think', 'fucking']","['no luigi murdered some one in cold blood by shooting him in the back like a coward.', 'Luigi is a cold blooded murderer who shot someone in the back.', 'Or the Luigi guy who shot a man in the back']"
4,386,4_case_coward_murderer_shooters,"['case', 'coward', 'murderer', 'shooters', 'killer', 'else', 'guilty', 'said', 'murderers', 'innocent']","['Dude, I think Luigi should get the death penalty.', 'Death penalty to cold blood murder and terrorist like Luigi!', 'Well I think that Luigi is a murderer and should get the death penalty']"
5,362,5_mario_murderers_hero_insane,"['mario', 'murderers', 'hero', 'insane', 'guy', 'demoncrats', 'retarded', 'demoncrat', 'face', 'crazy']","['Luigi looks, acts like a crazed Demoncrat! Super Mario found with murder weapon, manifesto, left matching DNA, Fingerprints, video evidence! Demoncrats sure 💕 their murderers! Even Dougie is aroused! Dimm women and gays are swooning ! He must be a modern twisted version of Robin…', 'Luigi looks, acts like a crazed 🤪Demoncrat! Super Mario found with murder weapon, manifesto, left matching DNA, Fingerprints, video evidence! Demoncrats sure 💕  their murderers! Even Dougie is aroused! Dimm women and gays are swooning ! He must be a modern twisted version of…', 'Luigi looks, acts like a crazed Demoncrat! Super Mario found with murder weapon, manifesto, left matching DNA, Fingerprints, video evidence! Demoncrats sure 💕 ￼ their murderers! Even Dougie is aroused! Dimm women and gays are swooning ! He must be a modern twisted version of…']"
6,342,6_shooter_hero_think_coward,"['shooter', 'hero', 'think', 'coward', 'assassin', 'guy', 'murderer', 'deserved', 'shit', 'deserve']","['Someone killed $Brian Thompson \r\n\r\nBrian has a family and two innocent children 🧒 so he deserves justice..\r\nJustice for #BrianThompson \r\n\r\nCa : EkNMMRhj2zArFyGAxsRhYy5UyeE3kwQSgMQpUfoYpump', ""Everyone who works for the same company, deserves to be murdered in cold blood too. Right?\r\nTell his wife and kids that they deserved this.\r\nAnd you can't name even one person that Brian Thompson himself killed or directed to die."", 'Brian Thompson was a person to whether you like it or not and you all are making a hero out of his killer and celebrating his death . Do you have any sympathy for his two children and his wife?']"
7,340,7_brianthompson_shooter_killer_assassin,"['brianthompson', 'shooter', 'killer', 'assassin', 'hope', 'gunman', 'man', 'said', 'ceos', 'also']","['🚨 BREAKING: Trump makes his first public comments on the assassination of the UnitedHealthcare CEO:\r\n\r\n""I think it\'s really terrible that some people seem to admire him... That was a terrible thing. It was cold-blooded... and how people can like this guy — that\'s a sickness.""', '🚨 BREAKING: Trump makes his first public comments on the assassination of the UnitedHealthcare CEO:\r\n""I think it\'s really terrible that some people seem to admire him... That was a terrible thing. It was cold-blooded... and how people can like this guy.', ""Culture of life? UnitedHealthcare CEO's murder mocked and celebrated by far-left      These people are sick!!""]"
8,339,8_luigimangione_assassin_killer_murderer,"['luigimangione', 'assassin', 'killer', 'murderer', 'hero', 'shooter', 'suspect', 'trump', 'blah', 'julia']","['🚨 #BREAKING: Far leftist identified as the suspect in the assassınation of UnitedHealthcare CEO Brian Thompson\r\n\r\nIs ANYONE surprised at all?!\r\n\r\nLuigi Mangione, is an anti-capitalist climate change activist and former Ivy League student who idolized UNABOMBER Ted Kaczynski, per New…', '[your]NEWS: Ex-Ivy League Student Arrested in Connection with UnitedHealthcare CEO Brian Thompson’s Murder \r\n\r\nHe is known for his ""Anti-Capitalist"" Beliefs...He is just an Ivy League COMMUNIST!  These schools just BREED violent people.\r\n\r\n via', ""BREAKING: The suspect in the assassination of the UnitedHealthcare CEO has been ID'd as Luigi Mangione (26) former Ivy Leaguer & anti-capitalist who shared Unabomber quotes online\r\n\r\nIvy league universities are producing radical domestic terrorists? I did not see that coming""]"
9,339,9_mario_guy_right_fuck,"['mario', 'guy', 'right', 'fuck', 'killed', 'way', 'also', 'crazed', 'think', 'man']","['Luigi grew up in privilege, was never even a customer of UHC, apparently did get treatment for his back.\r\n\r\nBrian Thompson grew up middle class and made his own way.\r\n\r\nLiberals are cheering on a coddled rich kid who murdered a good guy who worked for everything he had.', 'Luigi looks, acts like a crazed Demoncrat! Super Mario found with murder weapon, manifesto, left matching DNA, Fingerprints, video evidence! Super Mario had health insurance and came from a wealthy family! Privileged, liberal and indoctrinated!  Anyone  in NYC Jury who voted for…', 'Luigi looks, acts like a crazed Demoncrat! Super Mario found with murder weapon, manifesto, left matching DNA, Fingerprints, video evidence! Super Mario had health insurance and came from a wealthy family! Privileged, liberal, entitled and indoctrinated!  Many evil 😈 are making…']"
10,324,10_luigimangione_ivy_murdering_murderous,"['luigimangione', 'ivy', 'murdering', 'murderous', 'rich', 'hero', 'maga', 'boston', 'kaczynski', 'trump']","[""🔥\r\n\r\nWe need to return American schools back to teaching our kids to fear God,  love people and be proud to be an American! \r\n\r\nHow many more Luigi Mangione's are radicalized and waiting in the wings?    \r\n\r\nWe have Communist Anti-American Indoctrination Institutes."", 'Turns out I was right about Luigi Mangione being a Far-Right Wing, Pro-Russia, Anti-Ukraine, and Anti-Palestine TERFascist Conservative Elitist who is Anti-Vaccine and Anti-Single Payer Healthcare.', 'Makes sense since  directly inspired rich kid like Luigi Mangione to murder someone due to his Far-Right Wing, Pro-Russia, Anti-Ukraine, Anti-Palestine, TERFascist, Anti-Vaccine, Anti-Single-Payer Healthcare, and Pro-Big Business policies.']"
11,315,11_luigimangione_shooter_suspect_murderer,"['luigimangione', 'shooter', 'suspect', 'murderer', 'assassin', 'killer', 'murdering', 'trump', 'killed', 'instead']","['Donald Trump shares opinion on Luigi Mangione:\r\n\r\n“How people can like this guy…that’s a sickness.”', 'Donald Trump just called out Luigi Mangione.\r\n\r\n""How people can like this guy... that\'s a sickness.""\r\n\r\n#Trump #LuigiMangione tickernews', 'JUST NOW:  President Trump reacts to people praising Luigi Mangione:\r\n\r\n""How people can like this guy is a sickness… maybe it’s fake news, it’s hard to believe that it could even be thought of!” -']"
12,287,12_jesus_guy_fascist_punk,"['jesus', 'guy', 'fascist', 'punk', 'face', 'right', 'hero', 'another', 'fucktarded', 'much']","['I wonder how those people in NY cheering-cheering for Mangione like he’s a hero think about if they saw other New Yorkers cheering for the guy who burned to death that lady on the subway. You would think they were sick, right?\r\n\r\nWell, that’s what YOU look like to rational  people.', 'So Mangione was a rich Anti-Capitalist also a lonely incel that shot someone in the back like a coward, got it.', ""Brian never killed a single person. Mangione is a terrorist and a fascist. Killing a people because they're capitalist is fascism, just like killing people because they're communist would be. Everybody who supports Mangione is a fascist bootlicker.""]"
13,274,13_hero_man_get_guy,"['hero', 'man', 'get', 'guy', 'put', 'joe', 'violence', 'murderer', 'killer', 'also']","['Your original point is that luigi committed terrorism. My response to that is that terrorism is a reaction, he murdered the ceo because he wanted to make a political statement, so yes he did commit terrorism. I think we should all commit terrorism in that sense', ""???? his point is that the Luigi guy would considered a terrorist. him shaking hands with a terrorist wouldn't mean Luigi isn't a terrorist LMAO???"", 'The fact that the biggest terrorists in our entire country is calling someone who just murdered ONE PERSON for political reasons a terrorist is fucking hilarious.  Yeah, Luigi does fall under the definition of terrorism, because he committed political violence.']"
14,265,14_bryan_fuck_fucking_anymore,"['bryan', 'fuck', 'fucking', 'anymore', 'remember', 'right', 'man', 'next', 'life', 'instead']","['Too late for this joke but I wish I had said “You keep one of ours out of the hospital, we put one of yours in the grave” when the Luigi stuff was starting. I highly doubt I’ll ever get another opportunity to use that one.', 'Luigi got the wrong one.', 'Luigi getting caught just like him 😭']"
15,257,15_guy_people_new_criminals,"['guy', 'people', 'new', 'criminals', 'poor', 'finally', 'put', 'think', 'go', 'bubba']","['Now you know why Luigi is in prison', 'Luigi’s going to prison and there’s nothing you can do', 'They are going to love Luigi in prison.']"
16,248,16_exactly_ceos_killer_murderer,"['exactly', 'ceos', 'killer', 'murderer', 'fuck', 'fucking', 'kill', 'stop', 'already', 'tell']","['I don’t like CEOs. Nor do I like Luigi.', 'where were they after Luigi killed the CEO?', ""Ok but Luigi's parents are richer than the guy he killed lmao. They own country clubs and yachts. Even the hero's of the left are people they claim to hate 😂\r\n\r\nA spoiled rich kid with no self control. Had the world at his fingertips and threw it away. For what? So CEOs could get…""]"
17,243,17_murderer_killer_guy_assassin,"['murderer', 'killer', 'guy', 'assassin', 'violence', 'hero', 'alleged', 'scene', 'murdering', 'kill']","['New report shows man who m*rdered UnitedHealthcare\xa0CEO Brian Thompson inscribed the words “deny,” “defend” & “depose” on the shell casings that were left at the scene.', 'The man who m*rdered UnitedHealthcare\xa0CEO Brian Thompson inscribed the words “deny,” “defend” & “depose” on the shell casings that were left at the scene.', '🚨NEW: The man who m*rdered UnitedHealthcare\xa0CEO Brian Thompson inscribed the words “deny,” “defend” & “depose” on the shell casings that were left at the scene.']"
18,237,18_murderer_killer_killed_murders,"['murderer', 'killer', 'killed', 'murders', 'police', 'trump', 'justice', 'innocent', 'case', 'healthcare']","['The assassination by Luigi Mangione represents an example of leftwing domestic terrorism along with GOP congressional baseball practice shooting and assassination attempt of  and targeted shootings of police officers in Dallas and Louisiana in 2016.', 'The assassination by Luigi Mangione represents an example of leftwing domestic terrorism along with GOP congressional baseball practice shooting and assassination attempt of  and targeted 2023 Nashville school shooting  by a transgender man.', 'The assassination Luigi Mangione committed was an act of left-wing domestic terrorism along with the GOP congressional baseball practice shooting and assassination attempt of  and targeted 2023 Nashville school murders by a transgender man.']"
19,225,19_mob_acted_reason_three,"['mob', 'acted', 'reason', 'three', 'assassinated', 'killed', 'murderer', 'pedo', 'right', 'situation']","['Kyle killed in self defense.\r\nLuigi did not.\r\nSee the difference?', 'Kyle = Self Defense\r\nLuigi = Back shooting murderer', 'Luigi is a murder. Kyle Rittenhouse isn’t!']"
20,209,20_ceos_murderer_killer_murdering,"['ceos', 'murderer', 'killer', 'murdering', 'insane', 'guy', 'killed', 'hero', 'care', 'wealthy']","[""Luigi wasn't even a member of United Health insurance.\r\n\r\nHe was from a wealthy family, went to very expensive private school & then Ivy league college. You think he was not getting health care? His family filed a missing person report on him. They had $$$.\r\n\r\nHis story is bull."", ""He's talking about Luigi murdering United healthcare CEO. You think this guy Luigi is a hero?"", 'Well, thanks to Luigi, our healthcare problems are solved!\r\n\r\nHe murdered a random insurance company guy, and that’s going to fix everything!\r\n\r\nHealthcare is all better now! \r\n\r\nYou’re a psycho.']"
21,199,21_assassin_murderer_hero_criminal,"['assassin', 'murderer', 'hero', 'criminal', 'vigilante', 'murdering', 'violent', 'fighter', 'killed', 'violence']","[""Fascinating—but also rather disturbing—article from .\r\n\r\nTo think by virtue of being friendly and kind online you might meet someone capable of such pure evil.\r\n\r\nAnd how inexplicably stupid. Why throw away your own life and take another's for no good reason."", 'If you celebrate someone gunning down a defenceless person in the street, then you advocate for a world in which this is an acceptable thing ... to do. You in fact advocate for a world in which a stranger can decide that you’re also a bad person, and gun you down in the street', '""If you celebrate someone gunning down a defenseless person in the street, then you advocate for a world in which this is... acceptable... for anyone to do. You... advocate for a world in which a stranger can decide that you’re also a bad person, & gun you down in the street.""']"
22,175,22_scott_trump_murderer_deranged,"['scott', 'trump', 'murderer', 'deranged', 'daniel', 'case', 'right', 'acted', 'guy', 'meanwhile']","['Luigi Mangione is a murderer and Daniel Penny is not. It’s that simple.', 'CNN just compared Daniel Penny to Luigi Mangione, ""Tell me, which vigilante action is okay?""\r\n\r\nDaniel Penny is an American hero!', ""Well, Mangione is a murderer and Daniel Penny isn't.""]"
23,159,23_murdering_donald_murderers_murderer,"['murdering', 'donald', 'murderers', 'murderer', 'violent', 'worshipping', 'trump', 'heroes', 'violence', 'killed']","['When  Luigi Mangione shot and killed the healthcare CEO, the left practically praise him for doing so…not a word about gun control….\r\n\r\nSadly, the same people will be advocating for gun control over the Madison Wisconsin School shooting..\r\n\r\nHypocrites who play politics.', 'Luigi Mangione shoots the healthcare CEO in New York and the Left celebrates and makes candles worshipping him. \r\n\r\nA psychopath shoots up a school in Wisconsin and the Left calls for gun control.\r\n\r\nAre we starting to understand their outrage about guns is 100% fake?', 'Luigi Mangione shoots the healthcare CEO in New York and the Left celebrates and makes candles worshipping him. \r\n\r\nA left wing psychopath shoots up a school in Wisconsin and the Left calls for gun control.\r\n\r\nAre we starting to understand their outrage about guns is 100% fake?']"
24,49,24_killed_kill_lives_acted,"['killed', 'kill', 'lives', 'acted', 'executed', 'heroes', 'jury', 'hero', 'circumstances', 'planned']","[""Rittenhouse and Penny acted in legal self defense, Mangione shot a murdered a guy in cold blood.\r\n\r\nIt's not hard."", ""False equivalence. \r\n\r\nMangione stalked someone who didn't pose a threat to their personal safety & shot him in the back.\r\n\r\nRittenhouse justifiably defended himself against unprovoked attacks. \r\nAll supported by witness testimony & video evidence.\r\nNo law(s) were violated."", ""False equivalence. \r\n\r\nMangione stalked someone who didn't pose a threat to his personal safety & shot him in the back.\r\n\r\nRittenhouse justifiably defended himself against unprovoked attacks. \r\nAll supported by witness testimony & video evidence.\r\nNo law(s) were violated.""]"
